comment_id,annotator_id,entry_number,valence,target_type
1,1,1,2,2
1,3,1,2,2
6,1,1,2,5
6,3,1,2,5
7,1,1,2,2
7,3,1,2,2
11,1,1,2,5
11,3,1,2,5
15,1,1,1,2
15,3,1,1,2
16,1,1,2,2
16,3,1,2,2
23,1,1,2,2
23,3,1,2,2
24,1,1,1,2
24,3,1,1,2
26,1,1,1,2
26,3,1,1,2
27,1,1,2,2
27,3,1,2,2
29,3,1,1,2
30,1,1,2,2
30,3,1,2,2
32,1,1,2,2
32,3,1,2,2
33,1,1,1,2
33,3,1,2,2
35,1,1,1,2
35,3,1,2,2
38,1,1,2,2
38,3,1,2,2
41,1,1,2,2
41,3,1,2,2
42,1,1,2,2
42,3,1,2,2
44,1,1,2,2
44,3,1,2,2
45,3,1,1,2
46,1,1,2,2
46,3,1,2,2
47,1,1,2,2
47,3,1,2,2
49,1,1,2,2
49,3,1,2,2
50,1,1,2,2
50,3,1,2,2
52,1,1,1,2
52,3,1,2,2
53,1,1,2,2
53,3,1,2,2
54,1,1,2,2
54,3,1,2,2
55,1,1,2,2
55,3,1,2,2
56,1,1,2,5
56,3,1,2,5
60,1,1,2,7
60,3,1,2,7
61,1,1,2,5
61,3,1,2,5
70,1,1,1,2
70,3,1,1,2
71,1,1,2,2
71,3,1,2,2
73,1,1,2,2
73,3,1,2,2
74,1,1,1,2
74,3,1,2,2
75,1,1,2,6
75,3,1,2,5
77,1,1,1,2
77,3,1,2,2
78,1,1,1,2
78,3,1,2,2
83,1,1,1,2
83,3,1,2,2
84,1,1,2,2
84,3,1,2,2
85,1,1,1,2
85,3,1,2,2
86,1,1,2,2
86,3,1,2,2
88,1,1,2,2
88,3,1,2,2
91,1,1,1,6
91,3,1,2,6
92,1,1,2,7
92,3,1,2,7
96,1,1,2,2
96,3,1,2,2
98,1,1,2,2
98,3,1,2,2
99,1,1,2,2
99,3,1,2,2
101,3,1,2,2
105,1,1,2,5
105,1,2,2,2
105,3,1,2,5
105,3,2,2,2
107,1,1,2,2
107,3,1,2,2
110,1,1,2,3
110,3,1,2,3
112,1,1,2,2
112,3,1,2,2
115,1,1,2,2
115,3,1,2,2
117,1,1,2,2
117,3,1,2,2
119,1,1,2,2
119,3,1,2,2
126,1,1,2,2
126,3,1,2,2
127,1,1,2,2
127,3,1,2,2
131,1,1,2,2
131,3,1,2,2
134,1,1,1,2
134,3,1,1,2
137,1,1,2,2
137,3,1,2,2
138,1,1,2,2
138,3,1,2,2
140,1,1,2,2
140,3,1,2,2
142,1,1,2,2
142,3,1,2,2
143,1,1,2,2
143,3,1,2,2
145,1,1,2,2
145,3,1,2,2
148,1,1,2,2
148,3,1,2,2
149,1,1,1,2
149,3,1,2,2
150,1,1,2,2
150,3,1,2,2
151,1,1,2,2
151,3,1,2,2
152,1,1,2,2
152,3,1,2,2
153,3,1,1,7
155,1,1,2,3
155,1,2,1,8
155,3,1,2,3
155,3,2,1,8
164,1,1,1,2
164,3,1,1,2
166,3,1,1,5
167,1,1,2,2
167,3,1,2,2
170,1,1,2,2
170,3,1,2,2
174,1,1,2,2
174,3,1,2,2
175,1,1,2,2
175,3,1,2,2
178,1,1,2,2
178,3,1,2,2
179,3,1,1,2
180,1,1,2,2
180,3,1,2,2
194,1,1,2,7
194,3,1,2,7
195,1,1,2,7
195,3,1,2,7
196,1,1,2,2
196,3,1,2,2
199,1,1,2,2
199,3,1,2,2
202,1,1,2,2
202,3,1,2,2
207,1,1,2,2
207,3,1,2,2
209,1,1,1,2
209,3,1,2,2
222,1,1,1,2
222,3,1,2,2
224,1,1,2,5
224,3,1,2,5
232,1,1,2,7
232,3,1,2,7
233,1,1,2,2
233,3,1,2,2
236,1,1,2,2
236,3,1,2,2
237,1,1,2,2
237,3,1,2,2
238,1,1,2,2
238,3,1,2,2
239,1,1,1,2
239,3,1,1,1
245,1,1,2,7
245,3,1,2,7
252,1,1,2,7
252,3,1,2,7
253,1,1,2,2
253,3,1,2,2
255,1,1,2,2
255,3,1,2,2
256,1,1,2,5
256,3,1,2,5
259,1,1,2,7
259,3,1,2,7
263,1,1,2,2
263,3,1,2,2
266,1,1,2,2
266,3,1,2,2
268,1,1,2,7
268,3,1,2,7
282,1,1,2,5
282,3,1,2,5
288,1,1,2,2
288,3,1,2,2
290,1,1,1,2
290,3,1,1,2
295,1,1,2,2
295,3,1,2,2
298,1,1,2,2
298,3,1,2,2
302,1,1,2,2
302,3,1,2,2
304,1,1,2,2
304,3,1,2,2
305,1,1,2,2
305,3,1,2,2
306,1,1,2,2
306,3,1,2,2
309,1,1,2,2
309,3,1,2,2
311,3,1,2,2
312,1,1,2,2
312,3,1,2,2
314,1,1,2,2
314,3,1,2,2
319,1,1,2,2
319,3,1,2,2
320,1,1,2,2
320,3,1,2,2
323,1,1,2,2
323,3,1,2,2
324,1,1,1,8
324,1,2,2,2
324,3,1,1,8
325,1,1,1,2
330,1,1,2,2
330,3,1,2,2
335,1,1,1,2
335,3,1,2,2
337,1,1,1,2
337,3,1,1,2
340,1,1,1,5
340,3,1,2,5
342,1,1,2,7
342,3,1,2,7
348,1,1,2,1
348,3,1,2,2
359,1,1,2,2
359,3,1,2,2
370,3,1,1,7
371,1,1,2,5
371,3,1,2,5
373,1,1,1,5
373,3,1,1,5
377,1,1,1,5
377,3,1,1,5
380,1,1,2,2
380,3,1,2,2
381,1,1,1,5
381,3,1,2,5
383,1,1,1,2
383,3,1,1,2
387,1,1,1,7
387,3,1,2,7
390,1,1,2,6
390,3,1,2,6
396,3,1,1,5
398,1,1,1,2
398,3,1,1,2
400,1,1,2,3
400,1,2,1,2
400,3,1,2,3
400,3,2,1,2
408,1,1,2,2
408,3,1,2,2
410,1,1,2,2
410,3,1,2,2
412,1,1,1,7
412,1,2,2,5
412,3,1,1,7
412,3,2,2,5
413,1,1,2,2
413,3,1,2,2
414,1,1,1,2
414,3,1,1,3
416,3,1,1,3
419,1,1,1,2
419,3,1,1,2
420,1,1,2,2
420,3,1,2,2
426,1,1,2,2
426,3,1,2,2
430,1,1,2,6
430,3,1,2,6
434,1,1,1,2
434,3,1,2,2
439,1,1,1,2
439,3,1,2,2
440,1,1,2,2
440,3,1,2,2
444,1,1,1,2
444,3,1,1,2
449,1,1,2,2
449,3,1,2,2
450,1,1,2,2
450,3,1,2,2
455,1,1,2,2
455,3,1,2,2
458,1,1,1,2
458,3,1,2,2
463,3,1,1,8
465,1,1,1,8
465,3,1,1,8
468,1,1,1,8
468,1,2,2,2
468,3,1,2,2
469,1,1,2,2
469,3,1,2,2
470,1,1,1,2
470,3,1,1,2
477,1,1,2,2
477,3,1,2,2
478,1,1,2,8
478,3,1,2,8
483,1,1,1,2
483,3,1,1,2
488,1,1,2,2
488,3,1,2,2
489,3,1,2,2
492,1,1,1,2
492,3,1,2,2
494,1,1,2,2
494,3,1,2,2
499,1,1,1,3
499,3,1,2,3
505,1,1,1,5
505,3,1,1,5
508,1,1,1,2
508,3,1,2,2
511,1,1,2,2
511,3,1,2,2
515,1,1,2,3
515,3,1,2,3
516,1,1,1,7
516,3,1,1,7
517,1,0,2,2
517,3,1,2,2
532,1,0,2,2
532,3,1,2,2
533,1,1,2,2
533,3,1,2,2
537,1,1,2,2
537,3,1,2,2
539,1,1,1,2
539,3,1,1,2
541,1,1,1,2
541,3,1,2,2
543,3,1,1,3
557,1,1,2,6
557,3,1,2,6
558,1,1,2,2
558,3,1,2,2
570,1,1,2,7
570,3,1,2,7
573,1,1,2,5
573,3,1,2,5
588,1,1,2,7
588,3,1,2,7
601,1,1,2,7
601,3,1,2,7
607,1,1,2,5
607,3,1,2,5
617,1,1,1,5
617,3,1,1,5
619,1,1,2,7
619,3,1,2,7
625,1,1,2,7
625,3,1,2,7
629,3,1,1,5
640,1,1,1,3
640,3,1,1,3
708,1,1,2,7
708,3,1,2,5
755,1,1,2,8
755,3,1,2,8
756,1,1,1,3
756,3,1,1,3
767,1,1,2,5
767,3,1,2,5
778,1,1,2,3
778,3,1,2,3
784,1,1,1,3
784,3,1,2,3
793,1,1,2,5
793,1,2,1,8
793,3,1,2,5
793,3,2,1,8
800,1,1,2,3
800,3,1,2,3
839,1,1,2,2
839,3,1,2,2
842,1,1,2,6
842,3,1,2,6
848,1,1,2,2
848,3,1,2,2
868,1,1,1,8
868,3,1,1,8
879,3,1,2,3
902,1,1,2,5
902,3,1,2,5
919,1,1,1,3
919,3,1,2,3
920,1,1,1,3
920,3,1,2,3
921,1,1,1,5
921,3,1,1,5
928,1,1,2,3
928,3,1,2,3
948,1,1,2,3
948,3,1,2,3
981,1,1,1,3
981,3,1,2,3
986,1,1,1,3
986,3,1,1,3
995,1,1,1,3
995,3,1,1,3
1007,1,1,1,3
1007,3,1,1,3
1013,3,1,1,3
1017,1,1,1,3
1017,3,1,1,3
1025,1,1,2,3
1025,3,1,2,3
1034,1,1,2,3
1034,3,1,2,3
1051,1,1,1,3
1051,3,1,2,3
1055,1,1,1,3
1055,3,1,1,3
1061,1,1,1,3
1061,3,1,1,3
1066,1,1,1,3
1066,3,1,1,3
1085,1,1,1,5
1085,3,1,2,5
1088,1,1,1,3
1088,3,1,2,3
1144,1,1,2,3
1144,3,1,2,3
1182,1,1,2,2
1182,3,1,2,2
1204,1,1,1,5
1204,3,1,1,5
1220,1,1,2,2
1220,3,1,2,2
1231,1,1,2,2
1231,3,1,2,2
1241,1,1,2,2
1241,3,1,2,2
1245,1,1,1,2
1245,3,1,2,2
1270,1,1,1,2
1270,3,1,2,2
1272,1,1,2,2
1272,3,1,1,2
1274,1,1,2,2
1274,3,1,2,2
1276,1,1,1,5
1276,3,1,2,5
1280,1,1,2,2
1280,3,1,2,2
1286,1,1,1,5
1286,3,1,1,5
1290,1,1,2,3
1290,3,1,2,3
1297,1,1,2,2
1297,3,1,2,2
1299,1,1,2,2
1299,3,1,2,2
1304,1,1,1,2
1304,3,1,1,2
1307,1,1,2,3
1307,3,1,2,3
1318,1,1,2,2
1318,3,1,2,2
1319,1,1,2,2
1319,3,1,2,2
1320,1,1,2,2
1320,3,1,2,2
1324,1,1,2,3
1324,3,1,2,3
1329,1,1,1,6
1329,3,1,1,6
1332,1,1,2,2
1332,3,1,2,2
1335,1,1,2,2
1335,3,1,2,2
1336,1,1,2,5
1336,3,1,2,5
1337,1,1,2,2
1337,3,1,2,2
1346,1,1,2,3
1346,3,1,2,3
1361,1,1,1,3
1361,3,1,1,3
1364,3,1,1,3
1385,1,1,1,3
1385,3,1,1,3
1404,3,1,1,3
1410,1,1,1,3
1410,3,1,1,3
1419,1,1,2,6
1419,3,1,2,6
1422,1,1,1,8
1422,1,2,1,3
1422,3,1,1,8
1422,3,2,1,3
1443,1,1,1,2
1443,3,1,1,2
1454,1,1,2,2
1454,3,1,2,2
1460,1,1,2,3
1460,3,1,2,3
1466,1,1,1,3
1466,3,1,2,3
1478,1,1,1,3
1478,3,1,1,3
1479,3,1,1,6
1495,1,1,1,2
1495,3,1,2,2
1519,1,1,1,3
1519,3,1,1,3
1522,1,1,2,2
1522,3,1,1,2
1539,1,1,2,3
1539,3,1,2,3
1589,1,1,2,5
1589,3,1,2,5
1604,1,1,2,5
1604,3,1,2,5
1648,3,1,2,3
1650,1,1,1,3
1650,3,1,2,3
1690,1,1,2,7
1690,3,1,2,7
1692,1,1,2,2
1692,3,1,2,2
1697,3,1,1,3
1699,1,1,1,3
1699,3,1,1,3
1717,1,1,1,2
1717,3,1,1,2
1718,1,1,2,5
1718,3,1,2,5
1752,1,1,2,3
1752,3,1,2,3
1773,1,1,1,6
1851,1,1,1,8
1851,3,1,1,8
1856,1,1,1,8
1856,3,1,1,8
1859,1,1,1,2
1859,3,1,2,8
1861,1,1,2,8
1861,3,1,2,8
1862,1,1,1,3
1862,3,1,1,3
1866,1,1,1,8
1866,3,1,1,8
1881,1,1,2,3
1881,3,1,2,3
1888,3,1,1,8
1891,1,1,1,8
1891,3,1,1,8
1895,1,1,1,8
1895,3,1,1,8
1905,1,1,1,8
1905,3,1,1,8
1930,1,1,2,5
1930,3,1,2,5
1940,1,1,2,2
1940,3,1,2,2
1948,1,1,2,2
1948,3,1,2,2
1950,1,1,1,2
1950,3,1,2,2
1951,1,1,2,2
1951,3,1,2,2
1952,1,1,1,2
1952,3,1,2,2
1953,1,1,2,2
1953,3,1,2,2
1954,1,1,2,2
1954,3,1,2,2
1959,1,1,2,2
1959,3,1,2,2
1960,1,1,1,8
1960,3,1,1,8
1981,1,1,2,3
1981,3,1,2,3
1999,1,1,1,5
1999,3,1,1,5
2002,1,1,1,2
2002,3,1,1,2
2013,1,1,2,2
2013,3,1,2,2
2029,1,1,2,5
2029,3,1,2,5
2032,3,1,1,5
2052,1,1,1,5
2062,1,1,2,3
2062,3,1,2,3
2065,1,1,2,5
2065,3,1,2,5
2070,1,1,2,2
2070,3,1,1,2
2073,1,1,1,2
2073,3,1,1,2
2130,3,1,1,3
2133,1,1,1,5
2133,3,1,1,5
2156,1,1,1,3
2156,3,1,1,3
2174,1,1,1,3
2174,3,1,1,3
2180,1,1,1,5
2180,3,1,1,5
2189,1,1,2,8
2189,3,1,2,8
2205,1,1,1,7
2205,3,1,1,7
2207,3,1,1,3
2214,1,1,2,3
2214,1,2,1,5
2214,3,1,2,3
2214,3,2,2,5
2240,1,1,2,5
2240,3,1,2,5
2248,1,1,1,5
2248,3,1,2,5
2260,1,1,2,7
2260,3,1,2,7
2262,1,1,1,3
2262,3,1,1,3
2286,3,1,1,3
2298,1,1,2,3
2298,3,1,2,3
2309,1,1,1,5
2309,3,1,1,3
2315,1,1,2,2
2315,3,1,2,2
2319,1,1,2,3
2319,3,1,2,3
2324,1,1,1,3
2324,3,1,1,3
2331,1,1,1,3
2331,3,1,2,3
2372,1,1,2,3
2372,3,1,2,3
2376,1,1,1,3
2376,3,1,1,3
2391,1,1,1,3
2391,3,1,1,3
2414,1,1,2,2
2414,3,1,2,2
2423,1,1,1,3
2423,3,1,1,3
2454,3,1,1,5
2489,1,1,2,3
2489,3,1,2,3
2502,1,1,1,7
2502,3,1,1,7
2537,1,1,1,7
2537,3,1,2,7
2540,3,1,1,2
2544,1,1,1,2
2544,3,1,1,2
2547,1,1,2,2
2547,3,1,2,2
2565,1,1,1,2
2565,3,1,2,2
2577,1,1,1,3
2577,3,1,1,3
2579,3,1,1,3
2594,1,1,1,8
2594,3,1,1,8
2611,1,1,2,2
2611,3,1,2,2
2627,1,1,2,2
2627,3,1,2,2
2694,3,1,1,5
2697,1,1,1,5
2697,3,1,2,5
2706,1,1,1,3
2706,3,1,1,3
2709,1,1,2,2
2709,3,1,2,2
2710,1,1,2,2
2710,3,1,2,2
2711,1,1,2,2
2711,3,1,2,2
2722,1,1,1,2
2722,3,1,1,2
2728,1,1,1,5
2728,3,1,1,5
2738,1,1,2,2
2738,3,1,2,2
2739,1,1,1,2
2739,3,1,2,2
2742,1,1,1,2
2742,3,1,2,2
2754,3,1,1,2
2779,1,1,2,5
2779,3,1,2,5
2790,1,1,1,2
2790,3,1,1,2
2793,1,1,1,2
2793,3,1,1,2
2794,1,1,1,2
2794,3,1,1,2
2805,1,1,1,2
2805,3,1,1,2
2810,1,1,2,2
2810,3,1,2,2
2813,1,1,1,2
2813,3,1,1,2
2817,1,1,1,2
2817,3,1,1,2
2829,3,1,1,2
2847,1,1,1,2
2847,3,1,2,2
2848,1,1,1,2
2851,3,1,1,3
2852,1,1,1,2
2852,3,1,1,2
2857,1,1,2,2
2857,3,1,2,2
2860,1,1,2,5
2860,3,1,2,5
2864,1,1,1,3
2864,3,1,1,3
2874,1,1,1,8
2874,3,1,1,8
2879,1,1,1,3
2879,3,1,2,3
2921,1,1,1,3
2921,3,1,1,3
2936,1,1,2,3
2936,3,1,2,3
2948,1,1,2,3
2948,3,1,2,3
2958,1,1,1,3
2958,3,1,1,3
2962,1,1,2,8
2962,1,2,2,2
2962,3,1,2,8
2962,3,2,2,2
2964,1,1,2,2
2964,3,1,2,2
2965,1,1,2,2
2965,3,1,2,2
2969,1,1,2,2
2969,3,1,2,2
2970,3,1,2,2
2971,1,1,2,2
2971,3,1,2,2
2972,1,1,2,2
2972,3,1,2,2
2976,1,1,2,2
2976,3,1,2,2
2978,1,1,2,2
2978,3,1,2,2
2979,1,1,2,2
2979,3,1,2,2
2981,1,1,2,2
2981,3,1,2,2
2982,1,1,2,2
2982,3,1,2,2
2988,1,1,2,2
2988,3,1,2,2
2993,1,1,2,2
2993,3,1,2,2
2994,1,1,2,2
2994,3,1,2,2
2996,1,1,2,2
2996,3,1,2,2
2998,1,1,2,2
2998,3,1,2,2
3018,1,1,1,5
3018,3,1,1,5
3028,1,1,1,5
3028,3,1,1,5
3047,1,1,2,2
3047,3,1,2,2
3074,1,1,1,8
3074,1,2,1,3
3074,3,1,1,8
3074,3,2,1,3
3075,1,1,1,3
3075,3,1,1,3
3081,1,1,1,3
3081,3,1,1,3
3100,1,1,1,3
3100,3,1,1,3
3104,1,1,2,3
3104,3,1,2,3
3105,1,1,2,3
3105,3,1,2,3
3112,1,1,1,3
3112,3,1,1,3
3123,1,1,1,3
3123,3,1,1,3
3125,1,1,2,5
3125,3,1,2,5
3141,1,1,2,3
3141,3,1,2,3
3147,1,1,1,3
3147,3,1,1,3
3153,1,1,2,2
3153,3,1,2,2
3170,1,1,1,2
3170,3,1,1,2
3193,1,1,1,3
3193,3,1,1,3
3194,1,1,2,3
3194,3,1,2,3
3307,1,1,1,3
3307,3,1,1,3
3330,1,1,1,3
3330,3,1,1,3
3332,1,1,2,3
3332,3,1,2,3
3355,1,1,2,6
3355,3,1,2,6
3377,1,1,1,3
3377,3,1,1,3
3382,1,1,1,3
3382,3,1,1,3
3383,1,1,1,3
3383,3,1,1,3
3385,1,1,2,5
3385,3,1,2,5
3407,1,1,2,3
3407,3,1,2,3
3411,1,1,2,3
3411,3,1,2,3
3451,1,1,1,3
3451,3,1,1,3
3458,1,1,1,3
3458,3,1,1,3
3462,1,1,2,3
3462,3,1,2,3
3502,1,1,2,3
3502,3,1,2,3
3503,1,1,1,2
3503,3,1,2,2
3507,3,1,1,3
3511,1,2,2,3
3511,3,1,2,3
3513,1,1,1,2
3513,3,1,1,2
3537,1,1,2,3
3537,3,1,2,3
3538,1,1,1,3
3538,3,1,1,3
3543,1,1,2,3
3543,3,1,2,3
3546,1,1,1,3
3546,3,1,1,3
3547,1,1,2,2
3547,3,1,2,2
3550,1,1,1,2
3550,3,1,2,2
3557,1,1,2,6
3557,3,1,2,6
3563,1,1,1,3
3563,3,1,1,3
3571,1,1,2,3
3571,3,1,2,3
3573,1,1,2,3
3573,3,1,2,3
3574,1,1,1,3
3574,3,1,2,3
3609,1,1,2,6
3609,3,1,2,6
3615,1,1,1,5
3615,3,1,1,7
3616,1,1,2,5
3616,3,1,2,7
3629,1,1,2,5
3629,3,1,2,5
3638,1,1,2,5
3638,3,1,2,5
3640,1,1,1,6
3640,3,1,2,6
3673,1,1,1,3
3673,3,1,1,5
3705,1,1,2,6
3705,3,1,2,6
3713,1,1,2,3
3713,3,1,2,3
3718,1,1,1,5
3718,3,1,1,5
3719,1,1,2,6
3719,3,1,2,6
3735,1,1,2,3
3735,3,1,2,3
3736,1,1,2,3
3736,3,1,2,3
3761,1,1,2,3
3761,3,1,2,3
3763,1,1,1,5
3763,3,1,1,5
3771,1,1,2,6
3771,3,1,2,6
3812,1,1,2,2
3812,3,1,2,2
3832,1,1,1,5
3832,3,1,1,5
3842,1,1,1,3
3842,3,1,2,3
3849,3,1,2,2
3853,1,1,1,5
3853,3,1,1,5
3870,1,1,2,2
3870,3,1,2,2
3881,1,1,2,3
3881,3,1,2,3
3883,1,1,2,3
3883,3,1,2,5
3890,1,1,2,3
3890,3,1,2,3
3898,1,1,2,3
3898,3,1,2,3
3921,1,1,2,3
3921,3,1,2,3
3953,1,1,2,7
3953,3,1,2,7
3960,1,1,2,3
3960,3,1,2,3
3991,1,1,1,3
3991,3,1,1,3
4006,3,1,1,3
4021,1,1,2,3
4021,3,1,2,3
4023,1,1,1,3
4023,3,1,1,3
4027,1,1,2,3
4027,3,1,2,3
4037,1,1,2,3
4037,3,1,2,3
4061,1,1,2,5
4061,3,1,2,5
4065,1,1,2,5
4065,3,1,2,5
4090,1,1,2,3
4090,3,1,2,3
4112,1,1,2,5
4112,3,1,2,5
4122,1,1,2,5
4122,3,1,2,5
4144,1,1,2,5
4144,3,1,2,5
4150,1,1,2,3
4150,3,1,2,3
4160,1,1,2,5
4160,1,2,2,2
4160,3,1,2,5
4160,3,2,2,2
4161,1,1,1,8
4161,3,1,1,8
4174,1,1,1,2
4174,3,1,1,2
4177,3,1,1,5
4191,1,1,2,5
4191,1,2,2,3
4191,3,1,2,5
4191,3,2,2,3
4200,1,1,2,5
4200,3,1,2,5
4214,1,1,2,5
4214,3,1,2,5
4215,1,1,2,7
4215,3,1,2,7
4218,1,1,2,2
4218,3,1,2,2
4224,1,1,2,5
4224,3,1,2,5
4236,1,1,2,2
4236,3,1,2,2
4240,1,1,1,3
4240,3,1,2,3
4248,1,1,2,3
4248,3,1,2,3
4255,1,1,2,3
4255,3,1,2,3
4278,1,1,1,8
4278,3,1,1,8
4312,1,1,1,3
4312,3,1,1,3
4318,3,1,1,3
4323,1,1,2,5
4323,3,1,2,5
4342,1,1,1,8
4342,3,1,2,8
4343,1,1,1,5
4343,3,1,1,8
4346,1,1,1,8
4346,3,1,1,8
4350,1,1,2,3
4350,3,1,2,3
4351,1,1,1,8
4351,3,1,1,8
4352,3,1,1,5
4358,1,1,1,8
4358,3,1,1,8
4382,1,1,2,8
4382,3,1,2,8
4385,1,1,2,8
4385,3,1,2,8
4386,1,1,1,8
4386,3,1,1,8
4411,1,1,1,6
4411,3,1,1,6
4416,1,1,1,8
4416,3,1,1,8
4419,1,1,1,3
4419,3,1,1,3
4444,1,1,2,8
4444,3,1,2,8
4445,1,1,1,8
4445,3,1,1,8
4453,1,1,2,8
4453,3,1,2,8
4462,1,1,2,2
4462,3,1,2,2
4469,1,1,1,3
4469,3,1,1,3
4470,1,1,2,8
4470,3,1,2,8
4479,1,1,1,8
4479,3,1,1,8
4483,1,1,1,8
4483,3,1,1,8
4484,1,1,2,3
4484,3,1,2,3
4495,1,1,1,8
4495,3,1,1,8
4497,1,2,2,2
4497,3,1,2,2
4504,1,1,2,7
4504,3,1,2,7
4506,1,1,1,8
4506,3,1,1,8
4508,1,1,2,2
4508,3,1,2,2
4517,1,1,2,2
4517,3,1,2,2
4520,1,1,1,8
4520,3,1,1,8
4524,1,1,2,2
4524,3,1,2,2
4526,1,1,1,8
4526,3,1,1,8
4527,1,1,2,8
4527,3,1,2,8
4532,1,1,1,8
4532,3,1,1,8
4533,1,1,1,8
4533,3,1,1,8
4536,1,1,1,8
4536,3,1,1,8
4537,1,1,1,8
4537,3,1,1,8
4556,1,1,2,2
4556,3,1,2,2
4564,1,1,2,7
4564,3,1,2,7
4568,1,1,1,8
4568,3,1,1,8
4573,1,1,2,8
4573,3,1,2,8
4580,1,1,1,8
4580,3,1,1,8
4581,1,1,1,8
4581,3,1,1,8
4582,1,1,1,8
4582,1,2,1,3
4582,3,1,1,8
4582,3,2,1,3
4583,1,1,1,2
4583,3,1,2,2
4585,1,1,2,3
4585,3,1,2,3
4588,1,1,1,8
4588,3,1,1,8
4589,1,1,1,6
4605,1,1,2,3
4605,3,1,2,3
4640,1,1,1,6
4640,3,1,2,6
4663,1,1,1,3
4663,1,2,1,8
4663,3,1,1,3
4663,3,2,1,8
4679,1,1,1,2
4679,3,1,2,2
4704,1,1,2,2
4704,3,1,2,2
4707,1,1,2,7
4707,3,1,2,7
4715,1,1,2,3
4715,3,1,2,3
4727,1,1,1,8
4727,3,1,1,8
4729,1,1,1,8
4729,3,1,1,8
4737,1,1,2,3
4737,3,1,2,3
4738,1,1,2,7
4738,3,1,2,7
4760,1,1,2,3
4760,3,1,2,3
4779,1,1,2,3
4779,3,1,2,3
4783,1,1,2,5
4783,3,1,2,5
4786,1,1,2,5
4786,3,1,2,5
4809,1,1,1,8
4809,3,1,1,8
4810,1,1,1,8
4810,3,1,1,8
4817,1,1,1,8
4817,3,1,1,8
4821,1,1,1,8
4821,3,1,1,8
4823,1,1,1,5
4823,3,1,1,5
4829,1,1,1,5
4829,3,1,1,5
4833,1,1,2,3
4833,3,1,2,3
4856,1,1,1,5
4856,3,1,1,5
4864,1,1,2,5
4864,1,2,1,3
4864,3,1,2,5
4864,3,2,1,3
4870,3,1,1,3
4881,1,1,2,6
4881,3,1,2,6
4883,1,1,2,5
4883,3,1,2,5
4893,1,1,2,5
4893,3,1,2,5
4914,1,1,1,2
4914,3,1,1,2
4919,1,1,1,3
4919,3,1,1,3
4925,1,1,1,3
4925,3,1,1,3
4977,1,1,2,5
4977,3,1,2,5
4978,1,1,2,3
4978,3,1,2,3
5000,1,1,2,2
5000,3,1,2,2
5002,1,1,1,5
5002,3,1,1,5
5006,1,1,1,2
5006,3,1,2,2
5026,1,1,1,5
5026,3,1,2,5
5038,1,1,1,6
5038,3,1,2,6
5049,1,1,1,2
5049,3,1,1,2
5052,1,1,2,2
5052,3,1,2,2
5066,1,1,2,5
5066,3,1,2,5
5079,1,1,2,2
5079,3,1,2,2
5110,1,1,1,2
5110,3,1,1,2
5121,1,1,1,8
5121,3,1,1,8
5143,1,1,2,3
5143,3,1,2,3
5147,1,1,1,2
5147,3,1,2,2
5165,1,1,1,6
5165,3,1,1,6
5170,1,1,2,3
5170,3,1,2,3
5179,1,1,2,3
5179,3,1,2,3
5189,1,1,1,8
5189,3,1,1,8
5205,1,1,1,2
5205,3,1,2,2
5216,1,1,1,8
5216,3,1,1,8
5228,1,1,2,2
5228,3,1,2,2
5231,1,1,2,3
5231,3,1,2,3
5257,1,1,1,5
5257,3,1,2,5
5276,1,1,1,3
5276,3,1,2,3
5294,1,1,2,5
5294,3,1,2,5
5333,1,1,2,3
5333,3,1,2,3
5336,3,1,1,3
5364,1,1,2,7
5364,3,1,2,7
5365,1,1,1,3
5365,3,1,1,3
5395,1,1,2,5
5395,3,1,2,2
5398,1,1,2,2
5398,3,1,2,2
5402,1,1,2,2
5402,3,1,2,2
5409,1,1,2,2
5409,3,1,2,2
5419,1,1,2,2
5419,3,1,2,2
5428,1,1,2,2
5428,3,1,2,2
5430,1,1,1,2
5430,3,1,1,2
5432,1,1,1,2
5432,3,1,2,2
5435,1,1,1,2
5435,3,1,1,2
5437,1,1,2,2
5437,1,2,1,3
5437,3,1,2,2
5437,3,2,2,3
5448,1,1,2,2
5448,3,1,2,2
5452,1,1,2,2
5452,3,1,2,2
5457,1,1,2,2
5457,3,1,2,2
5464,1,1,2,2
5464,3,1,2,2
5465,1,1,2,2
5465,3,1,2,2
5473,1,1,2,2
5473,3,1,2,2
5483,1,1,2,5
5483,3,1,2,5
5484,1,1,1,2
5484,3,1,2,2
5489,1,1,2,3
5489,3,1,2,3
5493,1,1,1,2
5493,3,1,2,2
5497,1,1,2,5
5497,3,1,2,5
5502,1,1,1,2
5502,3,1,1,2
5515,1,1,2,2
5515,3,1,2,2
5517,1,1,2,2
5517,3,1,2,2
5519,1,1,2,2
5519,3,1,2,2
5520,3,1,1,3
5521,1,1,2,2
5521,3,1,2,2
5534,1,1,1,3
5534,3,1,1,3
5538,1,1,2,2
5538,3,1,2,2
5539,1,1,2,3
5539,3,1,2,3
5553,1,1,1,2
5553,3,1,1,2
5554,1,1,1,5
5554,3,1,2,5
5583,1,1,2,3
5583,3,1,2,3
5584,1,1,1,3
5584,3,1,1,3
5588,1,1,2,3
5588,3,1,2,3
5594,1,1,1,3
5594,3,1,2,3
5610,1,1,2,2
5610,3,1,2,2
5611,1,1,2,3
5611,3,1,2,3
5614,3,1,1,5
5621,1,1,2,2
5621,3,1,2,2
5622,1,1,2,3
5622,3,1,2,3
5643,1,1,2,2
5643,3,1,2,2
5647,1,1,1,3
5647,3,1,1,3
5654,1,1,1,3
5654,3,1,2,3
5662,1,1,2,2
5662,3,1,2,2
5675,1,1,2,3
5675,3,1,2,3
5682,1,1,2,5
5682,3,1,2,5
5707,1,1,2,7
5707,3,1,2,7
5716,1,1,1,2
5716,3,1,2,2
5766,1,1,2,8
5766,3,1,2,8
